shipping_mode,order_region,year,month,quarter,total_orders,late_orders,late_rate_pct,avg_days_late,total_revenue,revenue_at_risk
First Class,Canada,2016,8,3,12,12,100.0,1.0,2789.72,2789.72
First Class,Canada,2016,9,3,63,63,100.0,1.0,10758.44,10758.44
First Class,Canada,2016,10,4,28,28,100.0,1.0,4884.32,4884.32
First Class,Canada,2016,11,4,32,32,100.0,1.0,6585.29,6585.29
First Class,Canada,2016,12,4,47,47,100.0,1.0,8434.98,8434.98
First Class,Canada,2017,1,1,2,2,100.0,1.0,349.99,349.99
First Class,Caribbean,2015,1,1,92,92,100.0,1.0,16750.7,16750.7
First Class,Caribbean,2015,2,1,164,164,100.0,1.0,32163.43,32163.43
First Class,Caribbean,2015,3,1,143,143,100.0,1.0,26759.11,26759.11
First Class,Caribbean,2015,4,2,80,80,100.0,1.0,15088.21,15088.21
First Class,Caribbean,2015,5,2,120,120,100.0,1.0,25630.33,25630.33
First Class,Caribbean,2017,1,1,29,29,100.0,1.0,5829.48,5829.48
First Class,Caribbean,2017,2,1,97,97,100.0,1.0,18878.74,18878.74
First Class,Caribbean,2017,3,1,193,193,100.0,1.0,38157.07,38157.07
First Class,Caribbean,2017,4,2,105,105,100.0,1.0,21224.76,21224.76
First Class,Caribbean,2017,5,2,138,138,100.0,1.0,26594.04,26594.04
First Class,Caribbean,2017,6,2,32,32,100.0,1.0,6994.37,6994.37
First Class,Central Africa,2016,9,3,53,53,100.0,1.0,8684.98,8684.98
First Class,Central Africa,2016,10,4,72,72,100.0,1.0,15060.39,15060.39
First Class,Central Africa,2016,11,4,71,71,100.0,1.0,14020.46,14020.46
First Class,Central Africa,2016,12,4,76,76,100.0,1.0,14740.37,14740.37
First Class,Central Africa,2017,1,1,28,28,100.0,1.0,4779.56,4779.56
First Class,Central America,2015,1,1,396,396,100.0,1.0,78635.42,78635.42
First Class,Central America,2015,2,1,401,401,100.0,1.0,80293.02,80293.02
First Class,Central America,2015,3,1,430,430,100.0,1.0,87087.32,87087.32
First Class,Central America,2015,4,2,442,442,100.0,1.0,85459.08,85459.08
First Class,Central America,2015,5,2,494,494,100.0,1.0,95359.36,95359.36
First Class,Central America,2017,1,1,187,187,100.0,1.0,37055.39,37055.39
First Class,Central America,2017,2,1,439,439,100.0,1.0,93766.79,93766.79
First Class,Central America,2017,3,1,434,434,100.0,1.0,86598.44,86598.44
First Class,Central America,2017,4,2,450,450,100.0,1.0,90998.54,90998.54
First Class,Central America,2017,5,2,505,505,100.0,1.0,105813.8,105813.8
First Class,Central America,2017,6,2,204,204,100.0,1.0,42781.66,42781.66
First Class,Central Asia,2016,8,3,1,1,100.0,1.0,129.99,129.99
First Class,Central Asia,2016,9,3,4,4,100.0,1.0,839.96,839.96
First Class,Central Asia,2016,10,4,9,9,100.0,1.0,1869.72,1869.72
First Class,Central Asia,2016,11,4,17,17,100.0,1.0,3179.41,3179.41
First Class,Central Asia,2016,12,4,12,12,100.0,1.0,2749.63,2749.63
First Class,Central Asia,2017,1,1,20,20,100.0,1.0,3132.66,3132.66
First Class,East Africa,2016,8,3,9,9,100.0,1.0,2081.79,2081.79
First Class,East Africa,2016,9,3,37,37,100.0,1.0,8039.04,8039.04
First Class,East Africa,2016,10,4,65,65,100.0,1.0,11703.46,11703.46
First Class,East Africa,2016,11,4,45,45,100.0,1.0,9342.65,9342.65
First Class,East Africa,2016,12,4,93,93,100.0,1.0,17472.8,17472.8
First Class,East Africa,2017,1,1,31,31,100.0,1.0,7189.27,7189.27
First Class,East of USA,2016,4,2,262,262,100.0,1.0,47412.47,47412.47
First Class,East of USA,2016,5,2,228,228,100.0,1.0,45254.71,45254.71
First Class,East of USA,2016,6,2,192,192,100.0,1.0,38148.47,38148.47
First Class,East of USA,2016,7,3,209,209,100.0,1.0,41146.89,41146.89
First Class,East of USA,2016,8,3,198,198,100.0,1.0,39561.65,39561.65
First Class,Eastern Asia,2015,10,4,37,37,100.0,1.0,6769.01,6769.01
First Class,Eastern Asia,2015,11,4,180,180,100.0,1.0,35663.65,35663.65
First Class,Eastern Asia,2015,12,4,158,158,100.0,1.0,32254.5,32254.5
First Class,Eastern Asia,2016,1,1,160,160,100.0,1.0,31981.47,31981.47
First Class,Eastern Asia,2016,2,1,179,179,100.0,1.0,36736.44,36736.44
First Class,Eastern Asia,2016,3,1,109,109,100.0,1.0,21830.57,21830.57
First Class,Eastern Asia,2016,10,4,3,3,100.0,1.0,779.97,779.97
First Class,Eastern Asia,2016,11,4,9,9,100.0,1.0,2055.78,2055.78
First Class,Eastern Asia,2017,11,4,60,60,100.0,1.0,19337.27,19337.27
First Class,Eastern Asia,2017,12,4,71,71,100.0,1.0,16350.63,16350.63
First Class,Eastern Asia,2018,1,1,77,77,100.0,1.0,12327.36,12327.36
First Class,Eastern Europe,2016,8,3,21,21,100.0,1.0,4479.6,4479.6
First Class,Eastern Europe,2016,9,3,149,149,100.0,1.0,27440.7,27440.7
First Class,Eastern Europe,2016,10,4,146,146,100.0,1.0,28498.81,28498.81
First Class,Eastern Europe,2016,11,4,127,127,100.0,1.0,26792.04,26792.04
First Class,Eastern Europe,2016,12,4,152,152,100.0,1.0,31222.21,31222.21
First Class,Eastern Europe,2017,1,1,63,63,100.0,1.0,13154.57,13154.57
First Class,North Africa,2016,8,3,20,20,100.0,1.0,3728.53,3728.53
First Class,North Africa,2016,9,3,122,122,100.0,1.0,24453.05,24453.05
First Class,North Africa,2016,10,4,68,68,100.0,1.0,11933.7,11933.7
First Class,North Africa,2016,11,4,152,152,100.0,1.0,31301.23,31301.23
First Class,North Africa,2016,12,4,93,93,100.0,1.0,17379.39,17379.39
First Class,North Africa,2017,1,1,31,31,100.0,1.0,7387.42,7387.42
First Class,Northern Europe,2015,5,2,8,8,100.0,1.0,1284.81,1284.81
First Class,Northern Europe,2015,6,2,160,160,100.0,1.0,31884.27,31884.27
First Class,Northern Europe,2015,7,3,157,157,100.0,1.0,31060.19,31060.19
First Class,Northern Europe,2015,8,3,199,199,100.0,1.0,41367.12,41367.12
First Class,Northern Europe,2015,9,3,158,158,100.0,1.0,34262.64,34262.64
First Class,Northern Europe,2015,10,4,154,154,100.0,1.0,29410.83,29410.83
First Class,Northern Europe,2016,8,3,2,2,100.0,1.0,249.96,249.96
First Class,Northern Europe,2016,10,4,15,15,100.0,1.0,2032.7,2032.7
First Class,Northern Europe,2016,12,4,6,6,100.0,1.0,1279.91,1279.91
First Class,Northern Europe,2017,1,1,6,6,100.0,1.0,1179.88,1179.88
First Class,Northern Europe,2017,6,2,71,71,100.0,1.0,15216.54,15216.54
First Class,Northern Europe,2017,7,3,106,106,100.0,1.0,19833.05,19833.05
First Class,Northern Europe,2017,8,3,148,148,100.0,1.0,30205.89,30205.89
First Class,Northern Europe,2017,9,3,134,134,100.0,1.0,29507.14,29507.14
First Class,Northern Europe,2017,10,4,72,72,100.0,1.0,32535.95,32535.95
First Class,Northern Europe,2017,11,4,22,22,100.0,1.0,7503.96,7503.96
First Class,Oceania,2015,10,4,37,37,100.0,1.0,7934.23,7934.23
First Class,Oceania,2015,11,4,150,150,100.0,1.0,31330.47,31330.47
First Class,Oceania,2015,12,4,210,210,100.0,1.0,40601.17,40601.17
First Class,Oceania,2016,1,1,207,207,100.0,1.0,41695.39,41695.39
First Class,Oceania,2016,2,1,95,95,100.0,1.0,18315.81,18315.81
First Class,Oceania,2016,3,1,432,432,100.0,1.0,86071.49,86071.49
First Class,Oceania,2016,4,2,23,23,100.0,1.0,4449.4,4449.4
First Class,Oceania,2017,11,4,54,54,100.0,1.0,15343.11,15343.11
First Class,Oceania,2017,12,4,73,73,100.0,1.0,13464.11,13464.11
First Class,Oceania,2018,1,1,85,85,100.0,1.0,13728.58,13728.58
First Class,South America,2015,1,1,203,203,100.0,1.0,38937.23,38937.23
First Class,South America,2015,2,1,168,168,100.0,1.0,31270.4,31270.4
First Class,South America,2015,3,1,288,288,100.0,1.0,57049.93,57049.93
First Class,South America,2015,4,2,193,193,100.0,1.0,37669.92,37669.92
First Class,South America,2015,5,2,326,326,100.0,1.0,64517.93,64517.93
First Class,South America,2017,1,1,89,89,100.0,1.0,18434.76,18434.76
First Class,South America,2017,2,1,181,181,100.0,1.0,35080.3,35080.3
First Class,South America,2017,3,1,237,237,100.0,1.0,46887.89,46887.89
First Class,South America,2017,4,2,194,194,100.0,1.0,36580.62,36580.62
First Class,South America,2017,5,2,273,273,100.0,1.0,56576.91,56576.91
First Class,South America,2017,6,2,159,159,100.0,1.0,35326.29,35326.29
First Class,South Asia,2015,10,4,35,35,100.0,1.0,6996.19,6996.19
First Class,South Asia,2015,11,4,208,208,100.0,1.0,42238.12,42238.12
First Class,South Asia,2015,12,4,156,156,100.0,1.0,30558.28,30558.28
First Class,South Asia,2016,1,1,207,207,100.0,1.0,40449.32,40449.32
First Class,South Asia,2016,2,1,191,191,100.0,1.0,36580.77,36580.77
First Class,South Asia,2016,3,1,99,99,100.0,1.0,19828.75,19828.75
First Class,South Asia,2016,8,3,21,21,100.0,1.0,3974.39,3974.39
First Class,South Asia,2016,9,3,53,53,100.0,1.0,9498.85,9498.85
First Class,South Asia,2016,10,4,50,50,100.0,1.0,8560.05,8560.05
First Class,South Asia,2016,11,4,37,37,100.0,1.0,8624.24,8624.24
First Class,South Asia,2016,12,4,32,32,100.0,1.0,5854.21,5854.21
First Class,South Asia,2017,1,1,20,20,100.0,1.0,3589.52,3589.52
First Class,South Asia,2017,11,4,43,43,100.0,1.0,13071.5,13071.5
First Class,South Asia,2017,12,4,63,63,100.0,1.0,16381.51,16381.51
First Class,South Asia,2018,1,1,68,68,100.0,1.0,14507.81,14507.81
First Class,South of  USA ,2016,4,2,91,91,100.0,1.0,17859.61,17859.61
First Class,South of  USA ,2016,5,2,176,176,100.0,1.0,36166.43,36166.43
First Class,South of  USA ,2016,6,2,115,115,100.0,1.0,23251.41,23251.41
First Class,South of  USA ,2016,7,3,167,167,100.0,1.0,34530.33,34530.33
First Class,South of  USA ,2016,8,3,51,51,100.0,1.0,10415.98,10415.98
First Class,Southeast Asia,2015,10,4,69,69,100.0,1.0,13802.56,13802.56
First Class,Southeast Asia,2015,11,4,241,241,100.0,1.0,47338.13,47338.13
First Class,Southeast Asia,2015,12,4,316,316,100.0,1.0,60989.67,60989.67
First Class,Southeast Asia,2016,1,1,217,217,100.0,1.0,43601.35,43601.35
First Class,Southeast Asia,2016,2,1,217,217,100.0,1.0,44888.4,44888.4
First Class,Southeast Asia,2016,3,1,235,235,100.0,1.0,44635.48,44635.48
First Class,Southeast Asia,2017,11,4,53,53,100.0,1.0,16963.3,16963.3
First Class,Southeast Asia,2017,12,4,106,106,100.0,1.0,24814.94,24814.94
First Class,Southeast Asia,2018,1,1,98,98,100.0,1.0,15498.81,15498.81
First Class,Southern Africa,2016,8,3,2,2,100.0,1.0,549.98,549.98
First Class,Southern Africa,2016,9,3,34,34,100.0,1.0,6995.29,6995.29
First Class,Southern Africa,2016,10,4,34,34,100.0,1.0,5952.29,5952.29
First Class,Southern Africa,2016,11,4,23,23,100.0,1.0,4339.67,4339.67
First Class,Southern Africa,2016,12,4,89,89,100.0,1.0,17698.21,17698.21
First Class,Southern Africa,2017,1,1,16,16,100.0,1.0,2335.68,2335.68
First Class,Southern Europe,2015,5,2,4,4,100.0,1.0,821.93,821.93
First Class,Southern Europe,2015,6,2,114,114,100.0,1.0,20205.58,20205.58
First Class,Southern Europe,2015,7,3,192,192,100.0,1.0,38607.33,38607.33
First Class,Southern Europe,2015,8,3,147,147,100.0,1.0,28405.6,28405.6
First Class,Southern Europe,2015,9,3,161,161,100.0,1.0,31976.07,31976.07
First Class,Southern Europe,2015,10,4,175,175,100.0,1.0,35375.53,35375.53
First Class,Southern Europe,2016,9,3,23,23,100.0,1.0,5274.48,5274.48
First Class,Southern Europe,2016,10,4,7,7,100.0,1.0,1361.84,1361.84
First Class,Southern Europe,2016,12,4,2,2,100.0,1.0,699.96,699.96
First Class,Southern Europe,2017,1,1,15,15,100.0,1.0,2819.81,2819.81
First Class,Southern Europe,2017,6,2,54,54,100.0,1.0,13168.74,13168.74
First Class,Southern Europe,2017,7,3,174,174,100.0,1.0,36259.25,36259.25
First Class,Southern Europe,2017,8,3,165,165,100.0,1.0,34700.51,34700.51
First Class,Southern Europe,2017,9,3,200,200,100.0,1.0,46335.46,46335.46
First Class,Southern Europe,2017,10,4,57,57,100.0,1.0,32112.5,32112.5
First Class,Southern Europe,2017,11,4,14,14,100.0,1.0,4020.72,4020.72
First Class,US Center ,2016,4,2,192,192,100.0,1.0,36525.53,36525.53
First Class,US Center ,2016,5,2,205,205,100.0,1.0,38478.68,38478.68
First Class,US Center ,2016,6,2,199,199,100.0,1.0,37194.59,37194.59
First Class,US Center ,2016,7,3,178,178,100.0,1.0,36332.8,36332.8
First Class,US Center ,2016,8,3,212,212,100.0,1.0,43184.26,43184.26
First Class,West Africa,2016,8,3,10,10,100.0,1.0,2244.84,2244.84
First Class,West Africa,2016,9,3,119,119,100.0,1.0,23809.27,23809.27
First Class,West Africa,2016,10,4,120,120,100.0,1.0,22531.72,22531.72
First Class,West Africa,2016,11,4,93,93,100.0,1.0,19122.59,19122.59
First Class,West Africa,2016,12,4,95,95,100.0,1.0,17793.86,17793.86
First Class,West Africa,2017,1,1,26,26,100.0,1.0,4159.41,4159.41
First Class,West Asia,2016,8,3,60,60,100.0,1.0,11296.71,11296.71
First Class,West Asia,2016,9,3,166,166,100.0,1.0,31428.3,31428.3
First Class,West Asia,2016,10,4,235,235,100.0,1.0,46923.91,46923.91
First Class,West Asia,2016,11,4,162,162,100.0,1.0,30625.37,30625.37
First Class,West Asia,2016,12,4,267,267,100.0,1.0,52780.06,52780.06
First Class,West Asia,2017,1,1,104,104,100.0,1.0,22077.22,22077.22
First Class,West of USA ,2016,4,2,206,206,100.0,1.0,40866.2,40866.2
First Class,West of USA ,2016,5,2,229,229,100.0,1.0,44745.65,44745.65
First Class,West of USA ,2016,6,2,239,239,100.0,1.0,46533.12,46533.12
First Class,West of USA ,2016,7,3,281,281,100.0,1.0,53245.44,53245.44
First Class,West of USA ,2016,8,3,194,194,100.0,1.0,37985.49,37985.49
First Class,Western Europe,2015,5,2,8,8,100.0,1.0,1599.72,1599.72
First Class,Western Europe,2015,6,2,467,467,100.0,1.0,92370.76,92370.76
First Class,Western Europe,2015,7,3,419,419,100.0,1.0,80270.18,80270.18
First Class,Western Europe,2015,8,3,543,543,100.0,1.0,106278.58,106278.58
First Class,Western Europe,2015,9,3,479,479,100.0,1.0,95124.48,95124.48
First Class,Western Europe,2015,10,4,391,391,100.0,1.0,78184.94,78184.94
First Class,Western Europe,2016,9,3,15,15,100.0,1.0,3444.53,3444.53
First Class,Western Europe,2016,10,4,5,5,100.0,1.0,749.94,749.94
First Class,Western Europe,2016,11,4,3,3,100.0,1.0,379.97,379.97
First Class,Western Europe,2016,12,4,9,9,100.0,1.0,1513.89,1513.89
First Class,Western Europe,2017,6,2,213,213,100.0,1.0,44137.27,44137.27
First Class,Western Europe,2017,7,3,498,498,100.0,1.0,101202.95,101202.95
First Class,Western Europe,2017,8,3,519,519,100.0,1.0,108883.64,108883.64
First Class,Western Europe,2017,9,3,456,456,100.0,1.0,101378.25,101378.25
First Class,Western Europe,2017,10,4,223,223,100.0,1.0,102869.06,102869.06
First Class,Western Europe,2017,11,4,64,64,100.0,1.0,18409.32,18409.32
Same Day,Canada,2016,9,3,6,0,0.0,0.0,969.88,0.0
Same Day,Canada,2016,10,4,6,2,33.3,0.3,1339.88,599.97
Same Day,Canada,2016,11,4,4,0,0.0,0.0,519.91,0.0
Same Day,Canada,2016,12,4,3,3,100.0,1.0,1029.9,1029.9
Same Day,Canada,2017,1,1,14,6,42.9,0.4,3354.43,1499.74
Same Day,Caribbean,2015,1,1,30,20,66.7,0.7,5642.23,3577.51
Same Day,Caribbean,2015,2,1,60,32,53.3,0.5,11852.58,6259.37
Same Day,Caribbean,2015,3,1,48,23,47.9,0.5,9888.97,4979.6
Same Day,Caribbean,2015,4,2,47,25,53.2,0.5,9024.9,4969.43
Same Day,Caribbean,2015,5,2,46,32,69.6,0.7,9068.62,6279.09
Same Day,Caribbean,2017,1,1,32,19,59.4,0.6,6159.37,3979.64
Same Day,Caribbean,2017,2,1,31,19,61.3,0.6,6593.13,4433.31
Same Day,Caribbean,2017,3,1,59,20,33.9,0.3,10987.77,4079.57
Same Day,Caribbean,2017,4,2,36,14,38.9,0.4,6909.41,2519.79
Same Day,Caribbean,2017,5,2,45,30,66.7,0.7,8648.94,6079.32
Same Day,Caribbean,2017,6,2,17,7,41.2,0.4,4639.58,1749.81
Same Day,Central Africa,2016,9,3,17,10,58.8,0.6,3169.39,2029.62
Same Day,Central Africa,2016,10,4,28,9,32.1,0.3,5814.33,1539.84
Same Day,Central Africa,2016,11,4,15,0,0.0,0.0,2899.72,0.0
Same Day,Central Africa,2016,12,4,13,0,0.0,0.0,2849.73,0.0
Same Day,Central Africa,2017,1,1,6,5,83.3,0.8,1119.76,819.78
Same Day,Central America,2015,1,1,156,61,39.1,0.4,31954.4,11775.75
Same Day,Central America,2015,2,1,150,78,52.0,0.5,29503.51,16742.98
Same Day,Central America,2015,3,1,164,71,43.3,0.4,33280.84,14733.16
Same Day,Central America,2015,4,2,138,79,57.2,0.6,27343.02,14960.97
Same Day,Central America,2015,5,2,139,71,51.1,0.5,26293.56,13941.14
Same Day,Central America,2017,1,1,32,17,53.1,0.5,6779.11,3139.63
Same Day,Central America,2017,2,1,153,60,39.2,0.4,29555.41,12390.41
Same Day,Central America,2017,3,1,138,86,62.3,0.6,26089.14,16116.21
Same Day,Central America,2017,4,2,128,60,46.9,0.5,23869.73,10763.47
Same Day,Central America,2017,5,2,161,77,47.8,0.5,33267.94,16055.8
Same Day,Central America,2017,6,2,64,33,51.6,0.5,12593.6,6916.36
Same Day,Central Asia,2016,9,3,11,0,0.0,0.0,1549.72,0.0
Same Day,Central Asia,2016,10,4,23,3,13.0,0.1,4759.19,539.86
Same Day,Central Asia,2016,11,4,14,10,71.4,0.7,2899.76,1669.83
Same Day,Central Asia,2016,12,4,4,0,0.0,0.0,779.93,0.0
Same Day,Central Asia,2017,1,1,12,0,0.0,0.0,2109.85,0.0
Same Day,East Africa,2016,8,3,1,0,0.0,0.0,299.98,0.0
Same Day,East Africa,2016,9,3,25,8,32.0,0.3,4679.26,999.83
Same Day,East Africa,2016,10,4,25,20,80.0,0.8,4424.44,3244.49
Same Day,East Africa,2016,11,4,26,10,38.5,0.4,4183.54,2019.74
Same Day,East Africa,2016,12,4,16,3,18.8,0.2,3765.65,649.95
Same Day,East Africa,2017,1,1,5,0,0.0,0.0,939.91,0.0
Same Day,East of USA,2016,4,2,80,50,62.5,0.6,14659.82,8795.78
Same Day,East of USA,2016,5,2,72,39,54.2,0.5,14282.43,8287.21
Same Day,East of USA,2016,6,2,111,45,40.5,0.4,22135.77,8398.97
Same Day,East of USA,2016,7,3,80,32,40.0,0.4,15950.1,6163.31
Same Day,East of USA,2016,8,3,75,36,48.0,0.5,14524.24,6535.18
Same Day,Eastern Asia,2015,10,4,25,25,100.0,1.0,4309.33,4309.33
Same Day,Eastern Asia,2015,11,4,62,29,46.8,0.5,12244.66,5204.35
Same Day,Eastern Asia,2015,12,4,88,46,52.3,0.5,16289.93,8068.92
Same Day,Eastern Asia,2016,1,1,60,20,33.3,0.3,11011.51,3179.56
Same Day,Eastern Asia,2016,2,1,69,32,46.4,0.5,12216.61,5877.43
Same Day,Eastern Asia,2016,3,1,21,6,28.6,0.3,4108.44,944.85
Same Day,Eastern Asia,2017,1,1,6,0,0.0,0.0,1219.75,0.0
Same Day,Eastern Asia,2017,11,4,17,8,47.1,0.5,6653.27,3509.63
Same Day,Eastern Asia,2017,12,4,33,18,54.5,0.5,7119.67,1990.64
Same Day,Eastern Asia,2018,1,1,25,13,52.0,0.5,4665.28,2771.12
Same Day,Eastern Europe,2016,9,3,53,5,9.4,0.1,8708.65,1069.93
Same Day,Eastern Europe,2016,10,4,30,12,40.0,0.4,6285.55,1899.82
Same Day,Eastern Europe,2016,11,4,43,20,46.5,0.5,8092.77,3629.61
Same Day,Eastern Europe,2016,12,4,37,13,35.1,0.4,5799.2,1944.73
Same Day,Eastern Europe,2017,1,1,15,14,93.3,0.9,3099.5,3039.51
Same Day,North Africa,2016,8,3,4,4,100.0,1.0,564.9,564.9
Same Day,North Africa,2016,9,3,49,20,40.8,0.4,8847.15,3843.56
Same Day,North Africa,2016,10,4,38,25,65.8,0.7,7189.15,4759.5
Same Day,North Africa,2016,11,4,40,24,60.0,0.6,7654.9,4579.27
Same Day,North Africa,2016,12,4,53,38,71.7,0.7,10376.64,7697.02
Same Day,North Africa,2017,1,1,9,0,0.0,0.0,1839.79,0.0
Same Day,Northern Europe,2015,6,2,47,15,31.9,0.3,10147.02,3357.58
Same Day,Northern Europe,2015,7,3,86,28,32.6,0.3,16999.57,5651.29
Same Day,Northern Europe,2015,8,3,81,23,28.4,0.3,17853.08,5299.48
Same Day,Northern Europe,2015,9,3,27,4,14.8,0.1,5351.31,629.91
Same Day,Northern Europe,2015,10,4,20,15,75.0,0.8,4504.27,3639.46
Same Day,Northern Europe,2016,9,3,5,0,0.0,0.0,899.94,0.0
Same Day,Northern Europe,2016,10,4,9,9,100.0,1.0,1524.72,1524.72
Same Day,Northern Europe,2016,11,4,2,0,0.0,0.0,229.98,0.0
Same Day,Northern Europe,2017,1,1,6,2,33.3,0.3,1029.86,199.96
Same Day,Northern Europe,2017,6,2,9,6,66.7,0.7,1939.78,1039.86
Same Day,Northern Europe,2017,7,3,92,47,51.1,0.5,20503.95,9974.98
Same Day,Northern Europe,2017,8,3,42,23,54.8,0.5,9068.64,5199.35
Same Day,Northern Europe,2017,9,3,42,26,61.9,0.6,8729.02,5669.39
Same Day,Northern Europe,2017,10,4,37,16,43.2,0.4,12561.66,1532.68
Same Day,Northern Europe,2017,11,4,12,5,41.7,0.4,3009.26,998.9
Same Day,Oceania,2015,10,4,22,3,13.6,0.1,3942.72,499.98
Same Day,Oceania,2015,11,4,74,23,31.1,0.3,12698.38,3887.53
Same Day,Oceania,2015,12,4,100,26,26.0,0.3,20400.2,4745.24
Same Day,Oceania,2016,1,1,108,57,52.8,0.5,19372.58,10328.58
Same Day,Oceania,2016,2,1,76,19,25.0,0.3,16122.13,4558.36
Same Day,Oceania,2016,3,1,158,84,53.2,0.5,33157.25,16982.15
Same Day,Oceania,2016,4,2,9,4,44.4,0.4,1619.79,899.91
Same Day,Oceania,2017,11,4,13,5,38.5,0.4,4216.42,1283.04
Same Day,Oceania,2017,12,4,43,30,69.8,0.7,4891.75,3846.92
Same Day,Oceania,2018,1,1,44,22,50.0,0.5,6539.2,3222.54
Same Day,South America,2015,1,1,69,44,63.8,0.6,14381.33,9464.75
Same Day,South America,2015,2,1,52,39,75.0,0.8,9798.76,7389.08
Same Day,South America,2015,3,1,74,23,31.1,0.3,14724.2,4065.44
Same Day,South America,2015,4,2,57,38,66.7,0.7,10051.68,6281.04
Same Day,South America,2015,5,2,75,44,58.7,0.6,14593.22,8486.78
Same Day,South America,2017,1,1,34,23,67.6,0.7,7249.89,5250.28
Same Day,South America,2017,2,1,119,81,68.1,0.7,23028.37,15604.14
Same Day,South America,2017,3,1,98,66,67.3,0.7,18387.94,12379.5
Same Day,South America,2017,4,2,79,19,24.1,0.2,14376.41,3082.57
Same Day,South America,2017,5,2,71,24,33.8,0.3,14877.63,4528.65
Same Day,South America,2017,6,2,48,19,39.6,0.4,10306.91,3697.53
Same Day,South Asia,2015,10,4,4,4,100.0,1.0,729.95,729.95
Same Day,South Asia,2015,11,4,42,21,50.0,0.5,7164.24,3384.66
Same Day,South Asia,2015,12,4,61,22,36.1,0.4,12079.77,4209.54
Same Day,South Asia,2016,1,1,64,44,68.8,0.7,12730.6,9781.02
Same Day,South Asia,2016,2,1,38,25,65.8,0.7,6640.93,4073.37
Same Day,South Asia,2016,3,1,48,17,35.4,0.4,9590.66,3149.59
Same Day,South Asia,2016,9,3,8,6,75.0,0.8,1395.85,1145.86
Same Day,South Asia,2016,10,4,33,7,21.2,0.2,5994.19,1129.73
Same Day,South Asia,2016,11,4,10,7,70.0,0.7,1843.82,1303.85
Same Day,South Asia,2016,12,4,2,1,50.0,0.5,219.95,159.96
Same Day,South Asia,2017,1,1,4,3,75.0,0.8,589.86,339.96
Same Day,South Asia,2017,11,4,13,11,84.6,0.8,4731.22,3937.99
Same Day,South Asia,2017,12,4,26,17,65.4,0.7,2894.55,1565.21
Same Day,South Asia,2018,1,1,26,11,42.3,0.4,3520.76,1278.62
Same Day,South of  USA ,2016,4,2,39,3,7.7,0.1,6691.32,649.96
Same Day,South of  USA ,2016,5,2,81,25,30.9,0.3,16987.2,5137.4
Same Day,South of  USA ,2016,6,2,39,29,74.4,0.7,6864.78,4575.09
Same Day,South of  USA ,2016,7,3,35,20,57.1,0.6,6646.22,3454.58
Same Day,South of  USA ,2016,8,3,41,23,56.1,0.6,8124.13,4334.42
Same Day,Southeast Asia,2015,10,4,13,12,92.3,0.9,3269.75,3019.75
Same Day,Southeast Asia,2015,11,4,87,36,41.4,0.4,16821.8,7478.14
Same Day,Southeast Asia,2015,12,4,79,27,34.2,0.3,16048.31,5189.49
Same Day,Southeast Asia,2016,1,1,92,39,42.4,0.4,17389.6,7366.0
Same Day,Southeast Asia,2016,2,1,57,5,8.8,0.1,11003.56,1189.86
Same Day,Southeast Asia,2016,3,1,45,31,68.9,0.7,8617.97,6399.22
Same Day,Southeast Asia,2017,11,4,25,15,60.0,0.6,8026.31,4462.46
Same Day,Southeast Asia,2017,12,4,28,17,60.7,0.6,4045.56,2317.44
Same Day,Southeast Asia,2018,1,1,25,8,32.0,0.3,3414.75,1102.95
Same Day,Southern Africa,2016,8,3,5,0,0.0,0.0,939.9,0.0
Same Day,Southern Africa,2016,9,3,22,13,59.1,0.6,4809.61,2889.82
Same Day,Southern Africa,2016,10,4,9,2,22.2,0.2,2479.85,599.98
Same Day,Southern Africa,2016,11,4,17,17,100.0,1.0,2929.51,2929.51
Same Day,Southern Africa,2016,12,4,7,7,100.0,1.0,1579.85,1579.85
Same Day,Southern Africa,2017,1,1,15,15,100.0,1.0,3139.66,3139.66
Same Day,Southern Europe,2015,6,2,36,12,33.3,0.3,7913.03,2819.62
Same Day,Southern Europe,2015,7,3,107,50,46.7,0.5,20522.55,9438.85
Same Day,Southern Europe,2015,8,3,47,31,66.0,0.7,8629.08,5664.36
Same Day,Southern Europe,2015,9,3,53,23,43.4,0.4,10098.68,4339.42
Same Day,Southern Europe,2015,10,4,51,41,80.4,0.8,9333.92,7394.1
Same Day,Southern Europe,2016,9,3,3,3,100.0,1.0,489.9,489.9
Same Day,Southern Europe,2016,11,4,6,0,0.0,0.0,1559.89,0.0
Same Day,Southern Europe,2016,12,4,9,4,44.4,0.4,1580.83,824.9
Same Day,Southern Europe,2017,6,2,17,8,47.1,0.5,3079.57,1079.77
Same Day,Southern Europe,2017,7,3,81,67,82.7,0.8,19196.4,16051.64
Same Day,Southern Europe,2017,8,3,68,36,52.9,0.5,13533.32,6589.21
Same Day,Southern Europe,2017,9,3,64,43,67.2,0.7,14368.67,9849.03
Same Day,Southern Europe,2017,10,4,18,3,16.7,0.2,7744.02,736.0
Same Day,Southern Europe,2017,11,4,9,6,66.7,0.7,2396.02,1637.38
Same Day,US Center ,2016,4,2,66,17,25.8,0.3,13448.27,4309.39
Same Day,US Center ,2016,5,2,62,14,22.6,0.2,11448.58,2608.79
Same Day,US Center ,2016,6,2,29,22,75.9,0.8,6581.36,4781.5
Same Day,US Center ,2016,7,3,101,20,19.8,0.2,20137.26,4030.43
Same Day,US Center ,2016,8,3,65,52,80.0,0.8,11802.59,9425.83
Same Day,West Africa,2016,8,3,4,4,100.0,1.0,769.96,769.96
Same Day,West Africa,2016,9,3,45,17,37.8,0.4,10018.81,4199.5
Same Day,West Africa,2016,10,4,70,31,44.3,0.4,15743.15,6949.17
Same Day,West Africa,2016,11,4,45,9,20.0,0.2,10077.98,1519.9
Same Day,West Africa,2016,12,4,23,9,39.1,0.4,4394.35,1374.86
Same Day,West Africa,2017,1,1,36,17,47.2,0.5,6972.08,3285.57
Same Day,West Asia,2016,8,3,11,10,90.9,0.9,2339.71,2079.76
Same Day,West Asia,2016,9,3,43,21,48.8,0.5,8189.14,3829.56
Same Day,West Asia,2016,10,4,70,15,21.4,0.2,14657.32,3057.61
Same Day,West Asia,2016,11,4,52,32,61.5,0.6,10322.76,6758.26
Same Day,West Asia,2016,12,4,62,27,43.5,0.4,12214.62,6039.3
Same Day,West Asia,2017,1,1,41,24,58.5,0.6,7966.05,4584.56
Same Day,West of USA ,2016,4,2,61,40,65.6,0.7,12066.81,7479.34
Same Day,West of USA ,2016,5,2,105,55,52.4,0.5,18675.76,9235.76
Same Day,West of USA ,2016,6,2,91,55,60.4,0.6,18264.13,11254.93
Same Day,West of USA ,2016,7,3,118,31,26.3,0.3,21978.55,5342.46
Same Day,West of USA ,2016,8,3,50,28,56.0,0.6,10370.79,5692.34
Same Day,Western Europe,2015,5,2,3,3,100.0,1.0,587.86,587.86
Same Day,Western Europe,2015,6,2,169,85,50.3,0.5,33788.6,16580.26
Same Day,Western Europe,2015,7,3,193,68,35.2,0.4,38662.23,14780.44
Same Day,Western Europe,2015,8,3,136,67,49.3,0.5,25057.73,12240.15
Same Day,Western Europe,2015,9,3,161,65,40.4,0.4,32597.42,13408.49
Same Day,Western Europe,2015,10,4,136,58,42.6,0.4,28301.71,11693.67
Same Day,Western Europe,2016,12,4,5,4,80.0,0.8,699.93,519.96
Same Day,Western Europe,2017,6,2,83,51,61.4,0.6,17268.41,9239.18
Same Day,Western Europe,2017,7,3,195,100,51.3,0.5,37413.16,19275.54
Same Day,Western Europe,2017,8,3,165,78,47.3,0.5,33435.38,17058.36
Same Day,Western Europe,2017,9,3,176,112,63.6,0.6,36830.15,22811.6
Same Day,Western Europe,2017,10,4,55,32,58.2,0.6,20987.35,10775.76
Same Day,Western Europe,2017,11,4,18,8,44.4,0.4,5714.94,2351.74
Second Class,Canada,2016,9,3,29,17,58.6,1.4,4252.42,2944.63
Second Class,Canada,2016,10,4,26,14,53.8,1.3,4559.4,2409.69
Second Class,Canada,2016,11,4,72,66,91.7,2.7,15324.96,14095.15
Second Class,Canada,2016,12,4,11,11,100.0,2.8,1815.79,1815.79
Second Class,Canada,2017,1,1,28,20,71.4,1.3,6254.24,4547.44
Second Class,Caribbean,2015,1,1,164,137,83.5,2.0,33220.79,27779.51
Second Class,Caribbean,2015,2,1,190,151,79.5,2.0,38876.56,30429.44
Second Class,Caribbean,2015,3,1,175,155,88.6,2.2,33284.04,29824.35
Second Class,Caribbean,2015,4,2,146,120,82.2,1.8,29022.33,24013.04
Second Class,Caribbean,2015,5,2,123,100,81.3,2.1,24348.36,20643.9
Second Class,Caribbean,2017,1,1,71,58,81.7,2.2,14623.25,11963.51
Second Class,Caribbean,2017,2,1,176,150,85.2,2.2,37274.9,32383.67
Second Class,Caribbean,2017,3,1,164,129,78.7,2.3,30597.18,23947.96
Second Class,Caribbean,2017,4,2,232,194,83.6,2.0,48902.47,40378.21
Second Class,Caribbean,2017,5,2,153,120,78.4,1.7,30506.5,24767.17
Second Class,Caribbean,2017,6,2,37,22,59.5,1.2,7778.98,4219.34
Second Class,Central Africa,2016,8,3,14,14,100.0,2.5,2244.6,2244.6
Second Class,Central Africa,2016,9,3,76,63,82.9,2.2,15052.48,12132.66
Second Class,Central Africa,2016,10,4,52,39,75.0,1.7,9335.88,7201.16
Second Class,Central Africa,2016,11,4,67,60,89.6,2.6,12516.14,11266.28
Second Class,Central Africa,2016,12,4,51,37,72.5,1.8,10992.8,8353.05
Second Class,Central Africa,2017,1,1,37,32,86.5,2.0,7282.09,6426.18
Second Class,Central America,2015,1,1,619,484,78.2,1.9,125991.22,97160.2
Second Class,Central America,2015,2,1,494,384,77.7,2.1,98727.34,76402.94
Second Class,Central America,2015,3,1,632,484,76.6,2.0,124326.22,94164.39
Second Class,Central America,2015,4,2,674,540,80.1,2.0,133859.26,105438.48
Second Class,Central America,2015,5,2,410,314,76.6,1.9,77520.23,59131.36
Second Class,Central America,2017,1,1,230,195,84.8,2.0,45043.33,38568.21
Second Class,Central America,2017,2,1,510,406,79.6,2.0,99966.8,80081.36
Second Class,Central America,2017,3,1,547,431,78.8,2.0,106019.1,81783.55
Second Class,Central America,2017,4,2,605,466,77.0,1.9,118064.63,89656.69
Second Class,Central America,2017,5,2,530,415,78.3,1.9,109414.98,85977.06
Second Class,Central America,2017,6,2,230,177,77.0,1.9,47830.29,37043.24
Second Class,Central Asia,2016,8,3,3,3,100.0,4.0,569.94,569.94
Second Class,Central Asia,2016,9,3,23,22,95.7,2.4,5409.41,5309.42
Second Class,Central Asia,2016,10,4,20,20,100.0,3.0,2950.63,2950.63
Second Class,Central Asia,2016,11,4,39,36,92.3,1.8,8289.01,7709.09
Second Class,Central Asia,2016,12,4,21,15,71.4,1.6,3904.54,2704.62
Second Class,Central Asia,2017,1,1,11,10,90.9,2.7,1819.77,1619.85
Second Class,East Africa,2016,8,3,8,6,75.0,1.8,1909.87,1309.9
Second Class,East Africa,2016,9,3,92,73,79.3,1.9,17915.75,14736.16
Second Class,East Africa,2016,10,4,64,50,78.1,2.1,11831.71,9019.14
Second Class,East Africa,2016,11,4,70,49,70.0,2.0,14718.37,9808.89
Second Class,East Africa,2016,12,4,76,67,88.2,1.9,14972.14,13522.27
Second Class,East Africa,2017,1,1,52,40,76.9,1.7,10713.67,8468.94
Second Class,East of USA,2016,4,2,276,220,79.7,2.0,57058.6,44367.87
Second Class,East of USA,2016,5,2,292,247,84.6,1.9,53562.1,44473.06
Second Class,East of USA,2016,6,2,242,173,71.5,1.9,49300.26,35266.23
Second Class,East of USA,2016,7,3,254,200,78.7,2.0,51581.25,38988.61
Second Class,East of USA,2016,8,3,214,166,77.6,2.1,41835.2,33550.4
Second Class,Eastern Asia,2015,10,4,89,75,84.3,2.0,17925.97,15426.26
Second Class,Eastern Asia,2015,11,4,283,215,76.0,2.0,56043.76,43794.57
Second Class,Eastern Asia,2015,12,4,201,170,84.6,2.1,38360.49,33471.13
Second Class,Eastern Asia,2016,1,1,284,237,83.5,2.1,56264.39,47582.36
Second Class,Eastern Asia,2016,2,1,197,182,92.4,2.2,39004.36,35724.74
Second Class,Eastern Asia,2016,3,1,72,66,91.7,2.4,13095.32,11845.55
Second Class,Eastern Asia,2016,9,3,5,5,100.0,4.0,1079.95,1079.95
Second Class,Eastern Asia,2016,10,4,12,12,100.0,2.9,2409.62,2409.62
Second Class,Eastern Asia,2016,11,4,12,10,83.3,1.3,2294.7,1854.75
Second Class,Eastern Asia,2016,12,4,4,4,100.0,3.0,709.87,709.87
Second Class,Eastern Asia,2017,11,4,72,56,77.8,2.0,23730.2,18536.77
Second Class,Eastern Asia,2017,12,4,86,70,81.4,2.1,21727.73,18675.51
Second Class,Eastern Asia,2018,1,1,89,76,85.4,2.1,14559.13,12428.9
Second Class,Eastern Europe,2016,8,3,22,15,68.2,1.9,4204.5,2994.75
Second Class,Eastern Europe,2016,9,3,115,96,83.5,2.5,22783.06,18973.51
Second Class,Eastern Europe,2016,10,4,170,115,67.6,1.8,34432.51,23376.3
Second Class,Eastern Europe,2016,11,4,197,154,78.2,2.0,37874.43,29550.47
Second Class,Eastern Europe,2016,12,4,159,120,75.5,1.6,29942.08,22303.96
Second Class,Eastern Europe,2017,1,1,109,82,75.2,1.8,21718.26,15868.98
Second Class,North Africa,2016,8,3,43,34,79.1,2.0,7582.17,6382.29
Second Class,North Africa,2016,9,3,124,97,78.2,2.0,25750.0,20152.52
Second Class,North Africa,2016,10,4,115,89,77.4,1.7,21415.44,16117.02
Second Class,North Africa,2016,11,4,156,138,88.5,2.2,31107.43,28057.8
Second Class,North Africa,2016,12,4,115,94,81.7,2.0,20997.76,17558.22
Second Class,North Africa,2017,1,1,64,52,81.3,1.8,12728.6,10388.82
Second Class,Northern Europe,2015,5,2,7,6,85.7,2.1,1349.73,1249.74
Second Class,Northern Europe,2015,6,2,150,107,71.3,1.8,30226.02,21932.23
Second Class,Northern Europe,2015,7,3,234,205,87.6,2.1,46529.81,41250.32
Second Class,Northern Europe,2015,8,3,271,214,79.0,1.9,55432.96,45640.08
Second Class,Northern Europe,2015,9,3,209,182,87.1,2.0,35574.57,30010.18
Second Class,Northern Europe,2015,10,4,158,111,70.3,1.9,30763.05,21877.27
Second Class,Northern Europe,2016,9,3,11,3,27.3,0.3,2169.64,489.87
Second Class,Northern Europe,2016,11,4,3,3,100.0,4.0,749.93,749.93
Second Class,Northern Europe,2016,12,4,8,8,100.0,3.0,1440.77,1440.77
Second Class,Northern Europe,2017,1,1,4,3,75.0,1.5,739.89,539.97
Second Class,Northern Europe,2017,6,2,70,44,62.9,1.5,13838.6,7399.15
Second Class,Northern Europe,2017,7,3,226,176,77.9,1.7,50127.72,39648.77
Second Class,Northern Europe,2017,8,3,254,196,77.2,2.1,55152.27,41680.57
Second Class,Northern Europe,2017,9,3,232,192,82.8,2.0,52298.06,43828.68
Second Class,Northern Europe,2017,10,4,81,71,87.7,2.4,45547.53,40808.96
Second Class,Northern Europe,2017,11,4,35,25,71.4,1.9,10380.5,7788.5
Second Class,Oceania,2015,10,4,44,31,70.5,1.6,7809.01,5734.28
Second Class,Oceania,2015,11,4,258,191,74.0,1.7,51147.2,38974.56
Second Class,Oceania,2015,12,4,283,226,79.9,2.1,56405.95,44678.64
Second Class,Oceania,2016,1,1,244,185,75.8,1.9,50141.21,38399.82
Second Class,Oceania,2016,2,1,214,180,84.1,2.0,40560.78,34065.7
Second Class,Oceania,2016,3,1,657,535,81.4,2.0,128046.63,104469.14
Second Class,Oceania,2016,4,2,48,37,77.1,1.9,9499.74,7188.97
Second Class,Oceania,2017,11,4,77,62,80.5,1.8,20835.44,17137.35
Second Class,Oceania,2017,12,4,81,62,76.5,1.9,13875.4,10872.16
Second Class,Oceania,2018,1,1,129,101,78.3,1.8,21729.83,17023.43
Second Class,South America,2015,1,1,308,246,79.9,1.9,60830.52,50267.01
Second Class,South America,2015,2,1,293,246,84.0,2.2,56243.65,45927.8
Second Class,South America,2015,3,1,227,183,80.6,2.1,42000.29,34035.22
Second Class,South America,2015,4,2,214,159,74.3,2.0,43528.44,32380.86
Second Class,South America,2015,5,2,368,302,82.1,2.1,72731.39,59827.77
Second Class,South America,2017,1,1,79,67,84.8,1.9,15038.42,12906.59
Second Class,South America,2017,2,1,291,204,70.1,2.0,60452.6,41279.39
Second Class,South America,2017,3,1,288,226,78.5,1.8,55653.2,43713.47
Second Class,South America,2017,4,2,218,162,74.3,1.9,43887.24,33049.39
Second Class,South America,2017,5,2,267,208,77.9,2.0,54741.46,43820.55
Second Class,South America,2017,6,2,274,211,77.0,2.0,55947.44,43828.68
Second Class,South Asia,2015,10,4,41,30,73.2,2.0,8445.15,5985.38
Second Class,South Asia,2015,11,4,155,131,84.5,2.1,30142.14,25212.93
Second Class,South Asia,2015,12,4,292,243,83.2,2.1,58903.1,49470.3
Second Class,South Asia,2016,1,1,256,203,79.3,2.0,46489.79,36909.8
Second Class,South Asia,2016,2,1,219,157,71.7,1.7,42691.35,30794.69
Second Class,South Asia,2016,3,1,109,92,84.4,2.4,21415.06,18265.36
Second Class,South Asia,2016,8,3,7,7,100.0,2.3,1299.87,1299.87
Second Class,South Asia,2016,9,3,40,33,82.5,2.5,7704.99,6215.19
Second Class,South Asia,2016,10,4,66,58,87.9,2.5,12923.07,11383.31
Second Class,South Asia,2016,11,4,70,56,80.0,2.0,14641.36,11707.61
Second Class,South Asia,2016,12,4,40,20,50.0,1.3,8444.03,4194.61
Second Class,South Asia,2017,1,1,33,30,90.9,2.0,7019.23,6359.27
Second Class,South Asia,2017,11,4,42,33,78.6,2.0,12261.23,9983.18
Second Class,South Asia,2017,12,4,87,68,78.2,2.0,25372.76,19064.11
Second Class,South Asia,2018,1,1,95,79,83.2,2.1,13354.42,11488.43
Second Class,South of  USA ,2016,4,2,153,115,75.2,1.7,27894.67,19522.5
Second Class,South of  USA ,2016,5,2,152,132,86.8,2.0,26235.6,23114.01
Second Class,South of  USA ,2016,6,2,166,146,88.0,2.4,31263.13,27203.66
Second Class,South of  USA ,2016,7,3,199,164,82.4,2.1,38833.3,31764.2
Second Class,South of  USA ,2016,8,3,159,126,79.2,1.9,30893.45,24934.25
Second Class,Southeast Asia,2015,10,4,81,69,85.2,2.1,15968.88,14209.15
Second Class,Southeast Asia,2015,11,4,358,298,83.2,2.1,71177.24,58860.82
Second Class,Southeast Asia,2015,12,4,265,220,83.0,1.9,52098.99,44377.98
Second Class,Southeast Asia,2016,1,1,348,262,75.3,1.8,69574.03,52216.04
Second Class,Southeast Asia,2016,2,1,281,217,77.2,1.9,53987.86,42038.36
Second Class,Southeast Asia,2016,3,1,138,109,79.0,2.0,25835.83,20171.5
Second Class,Southeast Asia,2016,4,2,8,4,50.0,2.0,1389.88,259.95
Second Class,Southeast Asia,2017,11,4,60,50,83.3,2.1,19232.2,16227.01
Second Class,Southeast Asia,2017,12,4,162,132,81.5,2.0,43556.56,35265.41
Second Class,Southeast Asia,2018,1,1,132,104,78.8,2.0,20018.33,17095.47
Second Class,Southern Africa,2016,8,3,11,10,90.9,1.3,2273.8,2209.84
Second Class,Southern Africa,2016,9,3,40,29,72.5,1.5,7996.94,5657.26
Second Class,Southern Africa,2016,10,4,30,19,63.3,2.1,6945.12,4407.44
Second Class,Southern Africa,2016,11,4,32,29,90.6,2.4,6294.37,5974.45
Second Class,Southern Africa,2016,12,4,23,16,69.6,2.4,4374.42,3054.59
Second Class,Southern Africa,2017,1,1,14,7,50.0,0.6,1679.81,734.93
Second Class,Southern Europe,2015,5,2,2,2,100.0,1.0,249.99,249.99
Second Class,Southern Europe,2015,6,2,175,128,73.1,2.0,35443.01,26797.92
Second Class,Southern Europe,2015,7,3,211,187,88.6,2.2,39875.98,35662.63
Second Class,Southern Europe,2015,8,3,166,115,69.3,1.9,31043.39,21114.59
Second Class,Southern Europe,2015,9,3,191,145,75.9,1.7,37885.53,29266.74
Second Class,Southern Europe,2015,10,4,131,106,80.9,1.9,25280.12,19745.65
Second Class,Southern Europe,2016,9,3,5,5,100.0,2.2,889.88,889.88
Second Class,Southern Europe,2016,10,4,6,6,100.0,2.2,1549.9,1549.9
Second Class,Southern Europe,2016,11,4,7,0,0.0,0.0,1584.8,0.0
Second Class,Southern Europe,2016,12,4,5,5,100.0,2.6,669.92,669.92
Second Class,Southern Europe,2017,1,1,4,4,100.0,3.0,959.95,959.95
Second Class,Southern Europe,2017,6,2,80,58,72.5,1.7,15101.53,10826.84
Second Class,Southern Europe,2017,7,3,198,177,89.4,2.3,39081.25,34401.71
Second Class,Southern Europe,2017,8,3,179,144,80.4,2.1,37634.73,30415.59
Second Class,Southern Europe,2017,9,3,213,162,76.1,1.5,46255.23,35951.25
Second Class,Southern Europe,2017,10,4,90,71,78.9,2.1,36743.37,29991.83
Second Class,Southern Europe,2017,11,4,35,32,91.4,2.1,9457.6,8370.26
Second Class,US Center ,2016,4,2,243,206,84.8,2.2,47801.4,41365.27
Second Class,US Center ,2016,5,2,242,193,79.8,2.0,48465.74,38484.83
Second Class,US Center ,2016,6,2,266,215,80.8,2.0,54942.48,44625.97
Second Class,US Center ,2016,7,3,228,165,72.4,1.6,44567.83,32207.11
Second Class,US Center ,2016,8,3,221,152,68.8,1.7,41891.07,29174.26
Second Class,West Africa,2016,8,3,29,27,93.1,2.0,6357.47,5907.52
Second Class,West Africa,2016,9,3,159,127,79.9,2.1,31172.13,24843.1
Second Class,West Africa,2016,10,4,151,110,72.8,1.6,27545.44,20236.52
Second Class,West Africa,2016,11,4,129,106,82.2,2.3,26548.9,21129.51
Second Class,West Africa,2016,12,4,188,157,83.5,2.1,40420.52,33051.3
Second Class,West Africa,2017,1,1,82,61,74.4,1.6,14691.45,11277.91
Second Class,West Asia,2016,8,3,75,54,72.0,1.7,14643.29,10303.78
Second Class,West Asia,2016,9,3,245,196,80.0,1.9,44941.33,35806.75
Second Class,West Asia,2016,10,4,315,259,82.2,1.9,60017.18,49904.47
Second Class,West Asia,2016,11,4,169,124,73.4,1.8,35239.12,25760.07
Second Class,West Asia,2016,12,4,218,172,78.9,1.9,44134.69,35328.86
Second Class,West Asia,2017,1,1,182,148,81.3,2.4,37341.74,30699.39
Second Class,West of USA ,2016,4,2,276,218,79.0,2.0,51990.43,41468.48
Second Class,West of USA ,2016,5,2,392,312,79.6,2.0,76944.06,61919.26
Second Class,West of USA ,2016,6,2,433,360,83.1,2.0,87185.88,72257.38
Second Class,West of USA ,2016,7,3,279,223,79.9,2.2,54272.89,42464.38
Second Class,West of USA ,2016,8,3,252,200,79.4,1.7,51850.38,40261.47
Second Class,Western Europe,2015,5,2,21,16,76.2,2.4,3814.45,3204.53
Second Class,Western Europe,2015,6,2,664,527,79.4,2.0,133863.89,103734.07
Second Class,Western Europe,2015,7,3,559,468,83.7,2.1,110113.67,90705.59
Second Class,Western Europe,2015,8,3,672,554,82.4,2.1,134440.0,110138.64
Second Class,Western Europe,2015,9,3,629,507,80.6,2.0,128537.47,102610.58
Second Class,Western Europe,2015,10,4,404,328,81.2,2.2,80189.42,63846.03
Second Class,Western Europe,2016,9,3,2,2,100.0,1.0,319.97,319.97
Second Class,Western Europe,2016,10,4,3,3,100.0,3.0,709.94,709.94
Second Class,Western Europe,2016,11,4,10,9,90.0,3.2,2268.71,2018.81
Second Class,Western Europe,2017,6,2,217,163,75.1,1.9,42993.41,32965.3
Second Class,Western Europe,2017,7,3,659,543,82.4,2.0,133501.59,110391.08
Second Class,Western Europe,2017,8,3,679,565,83.2,2.1,136343.94,113195.85
Second Class,Western Europe,2017,9,3,582,465,79.9,2.1,126760.97,101493.78
Second Class,Western Europe,2017,10,4,247,189,76.5,1.9,109852.89,83788.93
Second Class,Western Europe,2017,11,4,90,73,81.1,2.1,26090.4,21367.94
Standard Class,Canada,2016,8,3,35,5,14.3,-0.8,7414.25,759.93
Standard Class,Canada,2016,9,3,95,39,41.1,0.1,17235.91,7596.98
Standard Class,Canada,2016,10,4,113,22,19.5,-0.6,21041.23,3553.58
Standard Class,Canada,2016,11,4,111,35,31.5,-0.3,25371.19,7279.31
Standard Class,Canada,2016,12,4,148,48,32.4,-0.2,29470.38,9699.86
Standard Class,Canada,2017,1,1,74,26,35.1,-0.1,13104.53,4960.57
Standard Class,Caribbean,2015,1,1,584,233,39.9,0.0,110292.76,43269.26
Standard Class,Caribbean,2015,2,1,520,209,40.2,0.1,101978.12,40756.31
Standard Class,Caribbean,2015,3,1,560,235,42.0,0.0,113784.65,47113.69
Standard Class,Caribbean,2015,4,2,482,168,34.9,-0.1,93835.9,32771.03
Standard Class,Caribbean,2015,5,2,439,156,35.5,-0.1,89989.47,31733.49
Standard Class,Caribbean,2017,1,1,250,68,27.2,-0.2,47934.81,10820.44
Standard Class,Caribbean,2017,2,1,477,192,40.3,-0.0,94704.4,37977.09
Standard Class,Caribbean,2017,3,1,537,174,32.4,-0.1,105999.22,34842.09
Standard Class,Caribbean,2017,4,2,465,180,38.7,-0.1,92453.24,35473.62
Standard Class,Caribbean,2017,5,2,498,184,36.9,0.0,99719.08,34792.77
Standard Class,Caribbean,2017,6,2,231,79,34.2,-0.2,48406.55,16736.99
Standard Class,Central Africa,2016,8,3,24,10,41.7,-0.4,4141.42,1491.81
Standard Class,Central Africa,2016,9,3,223,105,47.1,0.1,43824.56,20047.48
Standard Class,Central Africa,2016,10,4,202,92,45.5,0.2,37607.27,16743.24
Standard Class,Central Africa,2016,11,4,282,125,44.3,0.1,58188.49,26227.26
Standard Class,Central Africa,2016,12,4,185,92,49.7,0.2,36150.19,17240.25
Standard Class,Central Africa,2017,1,1,85,25,29.4,-0.1,16788.4,5203.44
Standard Class,Central America,2015,1,1,1602,649,40.5,0.0,316204.64,129575.28
Standard Class,Central America,2015,2,1,1463,565,38.6,-0.0,289035.26,111805.38
Standard Class,Central America,2015,3,1,1761,696,39.5,-0.0,339838.93,130670.61
Standard Class,Central America,2015,4,2,1942,739,38.1,-0.0,392852.41,154265.73
Standard Class,Central America,2015,5,2,1450,601,41.4,0.1,280984.43,118681.12
Standard Class,Central America,2017,1,1,804,323,40.2,-0.0,157746.84,64693.9
Standard Class,Central America,2017,2,1,1608,687,42.7,0.1,329382.42,143175.6
Standard Class,Central America,2017,3,1,1844,760,41.2,0.0,366496.66,151299.92
Standard Class,Central America,2017,4,2,1951,782,40.1,0.0,393947.17,159989.99
Standard Class,Central America,2017,5,2,1905,759,39.8,0.0,402858.31,156670.59
Standard Class,Central America,2017,6,2,725,292,40.3,-0.0,145222.53,61204.54
Standard Class,Central Asia,2016,9,3,107,29,27.1,-0.4,21327.57,5688.48
Standard Class,Central Asia,2016,10,4,79,35,44.3,0.2,16853.22,7452.14
Standard Class,Central Asia,2016,11,4,53,17,32.1,-0.1,10927.75,3499.6
Standard Class,Central Asia,2016,12,4,42,35,83.3,1.0,8943.91,7334.06
Standard Class,Central Asia,2017,1,1,28,18,64.3,0.4,4844.36,3314.57
Standard Class,East Africa,2016,8,3,41,18,43.9,0.2,8807.13,4577.6
Standard Class,East Africa,2016,9,3,261,86,33.0,-0.2,55524.21,19438.02
Standard Class,East Africa,2016,10,4,189,80,42.3,-0.0,39542.01,16317.01
Standard Class,East Africa,2016,11,4,239,109,45.6,0.2,51136.22,23379.12
Standard Class,East Africa,2016,12,4,265,129,48.7,0.2,52402.53,25496.07
Standard Class,East Africa,2017,1,1,117,36,30.8,-0.1,22639.49,7615.04
Standard Class,East of USA,2016,4,2,922,385,41.8,0.1,187303.02,76078.36
Standard Class,East of USA,2016,5,2,808,335,41.5,0.1,153337.5,61943.27
Standard Class,East of USA,2016,6,2,774,358,46.3,0.2,160032.88,75070.61
Standard Class,East of USA,2016,7,3,883,324,36.7,-0.0,173576.76,64101.28
Standard Class,East of USA,2016,8,3,743,310,41.7,-0.0,150447.84,62224.59
Standard Class,Eastern Asia,2015,10,4,279,128,45.9,0.1,53141.72,24443.39
Standard Class,Eastern Asia,2015,11,4,769,281,36.5,-0.1,151560.74,55959.74
Standard Class,Eastern Asia,2015,12,4,765,309,40.4,0.0,153380.0,60208.98
Standard Class,Eastern Asia,2016,1,1,656,242,36.9,-0.1,127934.22,45123.43
Standard Class,Eastern Asia,2016,2,1,771,297,38.5,-0.0,150210.97,60312.15
Standard Class,Eastern Asia,2016,3,1,373,132,35.4,-0.1,72755.83,26133.14
Standard Class,Eastern Asia,2016,9,3,10,3,30.0,0.2,1789.68,619.92
Standard Class,Eastern Asia,2016,10,4,3,0,0.0,0.0,259.95,0.0
Standard Class,Eastern Asia,2016,11,4,1,0,0.0,0.0,150.0,0.0
Standard Class,Eastern Asia,2016,12,4,8,0,0.0,-0.9,1799.84,0.0
Standard Class,Eastern Asia,2017,1,1,4,4,100.0,2.0,404.89,404.89
Standard Class,Eastern Asia,2017,11,4,228,87,38.2,-0.0,74288.62,28674.66
Standard Class,Eastern Asia,2017,12,4,292,121,41.4,0.1,78495.48,31786.13
Standard Class,Eastern Asia,2018,1,1,266,108,40.6,0.0,37098.78,14420.82
Standard Class,Eastern Europe,2016,8,3,73,16,21.9,-0.5,15689.95,3419.58
Standard Class,Eastern Europe,2016,9,3,444,210,47.3,0.2,85673.88,42743.25
Standard Class,Eastern Europe,2016,10,4,531,263,49.5,0.2,105877.4,51197.0
Standard Class,Eastern Europe,2016,11,4,529,187,35.3,-0.1,104604.24,38268.31
Standard Class,Eastern Europe,2016,12,4,454,155,34.1,-0.1,90995.05,31176.58
Standard Class,Eastern Europe,2017,1,1,281,117,41.6,0.1,56897.59,24131.71
Standard Class,North Africa,2016,8,3,101,30,29.7,-0.1,21082.61,5760.31
Standard Class,North Africa,2016,9,3,443,185,41.8,0.0,83701.28,32623.09
Standard Class,North Africa,2016,10,4,433,141,32.6,-0.0,86215.76,26382.47
Standard Class,North Africa,2016,11,4,365,120,32.9,-0.1,71289.26,23005.19
Standard Class,North Africa,2016,12,4,350,151,43.1,-0.0,70695.04,30979.94
Standard Class,North Africa,2017,1,1,244,104,42.6,0.2,49531.01,19220.38
Standard Class,Northern Europe,2015,5,2,20,5,25.0,-0.3,4104.4,899.9
Standard Class,Northern Europe,2015,6,2,653,275,42.1,0.0,128741.92,55434.28
Standard Class,Northern Europe,2015,7,3,690,257,37.2,-0.1,136822.29,49333.9
Standard Class,Northern Europe,2015,8,3,648,250,38.6,-0.1,128203.57,48932.68
Standard Class,Northern Europe,2015,9,3,617,270,43.8,0.0,122518.6,53506.5
Standard Class,Northern Europe,2015,10,4,516,184,35.7,-0.0,106593.49,37979.67
Standard Class,Northern Europe,2016,8,3,5,0,0.0,-1.6,1109.82,0.0
Standard Class,Northern Europe,2016,9,3,2,2,100.0,2.0,229.99,229.99
Standard Class,Northern Europe,2016,10,4,16,11,68.8,0.4,2914.72,2049.8
Standard Class,Northern Europe,2016,11,4,6,6,100.0,1.8,1119.93,1119.93
Standard Class,Northern Europe,2016,12,4,18,9,50.0,0.1,2809.73,1829.83
Standard Class,Northern Europe,2017,1,1,38,19,50.0,0.2,7843.99,4174.35
Standard Class,Northern Europe,2017,6,2,275,108,39.3,-0.0,56664.27,22947.39
Standard Class,Northern Europe,2017,7,3,651,253,38.9,0.1,136106.67,53686.85
Standard Class,Northern Europe,2017,8,3,684,281,41.1,-0.0,145494.01,58724.91
Standard Class,Northern Europe,2017,9,3,696,284,40.8,0.0,153686.84,61128.12
Standard Class,Northern Europe,2017,10,4,270,88,32.6,-0.2,136285.2,41359.18
Standard Class,Northern Europe,2017,11,4,99,39,39.4,-0.1,29093.22,11695.42
Standard Class,Oceania,2015,10,4,228,95,41.7,-0.0,47506.45,18923.63
Standard Class,Oceania,2015,11,4,827,316,38.2,-0.0,159024.49,59655.37
Standard Class,Oceania,2015,12,4,765,298,39.0,-0.1,149315.08,59507.6
Standard Class,Oceania,2016,1,1,728,294,40.4,0.1,147933.67,58520.8
Standard Class,Oceania,2016,2,1,785,349,44.5,0.1,156132.78,70470.97
Standard Class,Oceania,2016,3,1,1859,730,39.3,-0.0,364488.93,137921.62
Standard Class,Oceania,2016,4,2,71,25,35.2,-0.0,14656.26,5196.41
Standard Class,Oceania,2017,11,4,227,92,40.5,0.0,66715.38,26089.74
Standard Class,Oceania,2017,12,4,315,121,38.4,-0.1,67533.98,24644.17
Standard Class,Oceania,2018,1,1,295,125,42.4,0.1,47401.78,19964.32
Standard Class,South America,2015,1,1,1099,412,37.5,-0.1,218748.83,83783.61
Standard Class,South America,2015,2,1,774,302,39.0,-0.1,147267.26,56339.78
Standard Class,South America,2015,3,1,860,337,39.2,0.0,169229.18,65868.49
Standard Class,South America,2015,4,2,711,310,43.6,0.1,136728.12,60762.65
Standard Class,South America,2015,5,2,1246,477,38.3,-0.1,246834.61,92777.97
Standard Class,South America,2017,1,1,403,195,48.4,0.2,77648.67,36862.57
Standard Class,South America,2017,2,1,824,307,37.3,-0.0,163851.03,61401.23
Standard Class,South America,2017,3,1,808,333,41.2,0.0,156131.16,64535.67
Standard Class,South America,2017,4,2,749,317,42.3,0.1,147107.39,62158.65
Standard Class,South America,2017,5,2,771,289,37.5,-0.1,162465.72,60894.59
Standard Class,South America,2017,6,2,776,324,41.8,0.0,163706.21,69053.5
Standard Class,South Asia,2015,10,4,125,49,39.2,0.1,24688.03,9107.82
Standard Class,South Asia,2015,11,4,572,214,37.4,-0.0,113778.3,41038.72
Standard Class,South Asia,2015,12,4,623,263,42.2,0.0,120196.2,52758.02
Standard Class,South Asia,2016,1,1,649,243,37.4,-0.1,124500.7,44251.72
Standard Class,South Asia,2016,2,1,682,262,38.4,-0.0,139488.01,53180.9
Standard Class,South Asia,2016,3,1,276,133,48.2,0.2,57581.33,26407.98
Standard Class,South Asia,2016,8,3,46,12,26.1,-0.3,9402.0,2069.8
Standard Class,South Asia,2016,9,3,174,78,44.8,0.1,34017.33,15205.55
Standard Class,South Asia,2016,10,4,244,93,38.1,-0.0,46286.04,18334.9
Standard Class,South Asia,2016,11,4,188,95,50.5,0.2,36572.34,18089.56
Standard Class,South Asia,2016,12,4,181,80,44.2,0.1,35470.12,15123.27
Standard Class,South Asia,2017,1,1,101,26,25.7,-0.4,21943.84,6344.3
Standard Class,South Asia,2017,11,4,158,60,38.0,0.0,48566.34,18664.03
Standard Class,South Asia,2017,12,4,224,93,41.5,0.0,52514.94,19763.59
Standard Class,South Asia,2018,1,1,274,103,37.6,-0.0,46727.96,18330.61
Standard Class,South of  USA ,2016,4,2,411,146,35.5,-0.2,84924.58,32304.78
Standard Class,South of  USA ,2016,5,2,541,231,42.7,0.0,104046.56,42285.19
Standard Class,South of  USA ,2016,6,2,454,186,41.0,0.0,85881.38,34187.33
Standard Class,South of  USA ,2016,7,3,577,256,44.4,0.1,112832.59,49044.09
Standard Class,South of  USA ,2016,8,3,398,148,37.2,-0.1,75441.26,30080.69
Standard Class,Southeast Asia,2015,10,4,226,68,30.1,-0.3,45037.45,13769.25
Standard Class,Southeast Asia,2015,11,4,969,419,43.2,0.1,190746.9,81784.39
Standard Class,Southeast Asia,2015,12,4,1009,386,38.3,-0.1,199959.22,74274.69
Standard Class,Southeast Asia,2016,1,1,1037,464,44.7,0.1,205238.4,88924.18
Standard Class,Southeast Asia,2016,2,1,823,350,42.5,0.1,163962.07,68904.96
Standard Class,Southeast Asia,2016,3,1,579,200,34.5,-0.2,114793.57,40273.44
Standard Class,Southeast Asia,2017,11,4,231,96,41.6,-0.0,71319.3,28973.03
Standard Class,Southeast Asia,2017,12,4,434,173,39.9,-0.0,110871.24,48266.81
Standard Class,Southeast Asia,2018,1,1,395,168,42.5,0.1,56557.33,24303.35
Standard Class,Southern Africa,2016,8,3,75,30,40.0,0.1,15240.19,6319.24
Standard Class,Southern Africa,2016,9,3,162,53,32.7,-0.2,31356.16,11278.62
Standard Class,Southern Africa,2016,10,4,143,56,39.2,-0.0,27670.63,9661.83
Standard Class,Southern Africa,2016,11,4,154,71,46.1,0.2,32549.47,16656.19
Standard Class,Southern Africa,2016,12,4,136,58,42.6,0.2,25807.74,10913.34
Standard Class,Southern Africa,2017,1,1,64,21,32.8,-0.2,12313.44,4239.38
Standard Class,Southern Europe,2015,5,2,8,4,50.0,0.5,1274.81,459.94
Standard Class,Southern Europe,2015,6,2,699,259,37.1,-0.1,140772.81,52072.5
Standard Class,Southern Europe,2015,7,3,674,284,42.1,-0.0,129722.14,56182.44
Standard Class,Southern Europe,2015,8,3,615,201,32.7,-0.2,116558.75,39533.29
Standard Class,Southern Europe,2015,9,3,669,289,43.2,0.1,131079.04,57031.46
Standard Class,Southern Europe,2015,10,4,420,150,35.7,-0.0,82182.42,26381.25
Standard Class,Southern Europe,2016,8,3,3,3,100.0,1.0,419.95,419.95
Standard Class,Southern Europe,2016,9,3,15,8,53.3,0.3,3519.63,1729.81
Standard Class,Southern Europe,2016,10,4,18,7,38.9,-0.4,3804.67,1529.9
Standard Class,Southern Europe,2016,11,4,29,15,51.7,0.3,4679.34,2414.65
Standard Class,Southern Europe,2016,12,4,20,5,25.0,-0.4,4539.47,999.92
Standard Class,Southern Europe,2017,1,1,14,5,35.7,0.1,3109.74,779.92
Standard Class,Southern Europe,2017,6,2,227,99,43.6,0.2,45638.31,19632.81
Standard Class,Southern Europe,2017,7,3,717,286,39.9,-0.0,152205.9,59367.31
Standard Class,Southern Europe,2017,8,3,597,230,38.5,-0.0,125365.98,46615.59
Standard Class,Southern Europe,2017,9,3,581,197,33.9,-0.1,126810.69,40934.98
Standard Class,Southern Europe,2017,10,4,268,96,35.8,-0.1,137461.88,49964.56
Standard Class,Southern Europe,2017,11,4,86,34,39.5,-0.0,26475.88,9621.92
Standard Class,US Center ,2016,4,2,694,278,40.1,0.0,134825.82,54085.75
Standard Class,US Center ,2016,5,2,706,278,39.4,0.0,135151.54,53192.75
Standard Class,US Center ,2016,6,2,717,266,37.1,0.0,143699.05,53340.19
Standard Class,US Center ,2016,7,3,665,250,37.6,0.0,132327.26,49837.62
Standard Class,US Center ,2016,8,3,596,249,41.8,0.1,112549.64,46136.28
Standard Class,West Africa,2016,8,3,83,41,49.4,0.0,15921.3,7922.94
Standard Class,West Africa,2016,9,3,484,171,35.3,-0.1,91815.29,32873.13
Standard Class,West Africa,2016,10,4,475,188,39.6,0.0,91083.14,36390.27
Standard Class,West Africa,2016,11,4,405,146,36.0,-0.2,82327.74,30260.58
Standard Class,West Africa,2016,12,4,529,235,44.4,0.2,102830.12,45010.73
Standard Class,West Africa,2017,1,1,296,114,38.5,0.0,59599.66,24150.87
Standard Class,West Asia,2016,8,3,205,86,42.0,0.0,38450.52,15866.08
Standard Class,West Asia,2016,9,3,641,248,38.7,0.0,128549.6,50055.55
Standard Class,West Asia,2016,10,4,700,298,42.6,0.1,133912.56,58578.78
Standard Class,West Asia,2016,11,4,744,291,39.1,-0.0,144915.06,59418.83
Standard Class,West Asia,2016,12,4,770,263,34.2,-0.2,150515.78,52163.24
Standard Class,West Asia,2017,1,1,472,193,40.9,0.1,91189.72,37769.61
Standard Class,West of USA ,2016,4,2,966,396,41.0,0.1,188267.94,75875.97
Standard Class,West of USA ,2016,5,2,1011,375,37.1,-0.1,205617.64,72411.54
Standard Class,West of USA ,2016,6,2,987,377,38.2,-0.0,191780.84,73456.72
Standard Class,West of USA ,2016,7,3,1051,408,38.8,-0.1,207756.13,79750.69
Standard Class,West of USA ,2016,8,3,772,297,38.5,-0.0,151017.8,58452.84
Standard Class,Western Europe,2015,5,2,40,18,45.0,0.2,7519.22,3259.67
Standard Class,Western Europe,2015,6,2,1800,740,41.1,0.0,358649.25,150619.35
Standard Class,Western Europe,2015,7,3,1777,737,41.5,0.0,348895.24,147857.64
Standard Class,Western Europe,2015,8,3,1748,722,41.3,0.1,336224.82,138822.22
Standard Class,Western Europe,2015,9,3,1786,742,41.5,0.0,353332.78,147562.35
Standard Class,Western Europe,2015,10,4,1391,548,39.4,-0.0,270758.16,107858.74
Standard Class,Western Europe,2016,8,3,7,0,0.0,-0.7,1099.85,0.0
Standard Class,Western Europe,2016,9,3,8,7,87.5,1.1,1999.79,1849.85
Standard Class,Western Europe,2016,10,4,24,1,4.2,-0.8,5381.5,299.98
Standard Class,Western Europe,2016,11,4,26,9,34.6,0.1,4723.62,1333.92
Standard Class,Western Europe,2016,12,4,37,17,45.9,-0.0,7248.86,3489.61
Standard Class,Western Europe,2017,1,1,8,5,62.5,1.3,1459.83,909.89
Standard Class,Western Europe,2017,6,2,838,338,40.3,0.0,181505.63,74590.66
Standard Class,Western Europe,2017,7,3,1721,673,39.1,-0.1,358941.46,137886.29
Standard Class,Western Europe,2017,8,3,1805,723,40.1,-0.0,379518.85,155466.9
Standard Class,Western Europe,2017,9,3,1813,702,38.7,-0.1,400814.62,156413.57
Standard Class,Western Europe,2017,10,4,837,346,41.3,0.0,399292.75,165561.3
Standard Class,Western Europe,2017,11,4,198,80,40.4,0.0,59071.44,24813.2
